hazard_tag,initiated_year,initiated_month,recalls,class_i,avg_days_to_classify,class_i_cumulative
salmonella,2009,4,1,1,-9.0,1
listeria,2012,5,1,1,-7.0,1
other,2012,5,1,1,-9.0,1
foreign_metal,2012,6,3,0,-8.3,0
other,2012,6,1,0,-12.0,1
listeria,2012,7,5,4,-9.6,5
other,2012,7,1,0,-12.0,1
salmonella,2012,8,1,1,-9.0,2
allergen_other,2012,9,1,0,-6.0,0
listeria,2012,9,5,2,-6.8,7
other,2012,9,3,1,-7.3,2
salmonella,2012,9,7,7,-7.3,9
listeria,2012,11,2,2,-7.0,9
other,2012,11,2,0,-10.0,2
allergen_egg,2012,12,1,1,-9.0,1
other,2012,12,1,0,-9.0,2
allergen_other,2013,1,2,0,-8.0,0
other,2013,1,1,1,-6.0,3
foreign_metal,2013,2,1,0,-8.0,0
other,2013,2,1,0,-8.0,3
other,2013,3,4,0,-8.5,3
other,2013,4,1,0,-12.0,3
allergen_other,2013,5,2,2,-6.5,2
other,2013,5,2,0,-7.5,3
allergen_milk,2013,6,1,0,-6.0,0
allergen_other,2013,6,1,1,-12.0,3
label,2013,6,2,0,-8.0,0
listeria,2013,6,2,2,-6.0,11
other,2013,6,1,1,-6.0,4
salmonella,2013,6,1,1,-12.0,10
other,2013,7,1,0,-6.0,4
allergen_egg,2013,9,1,1,-6.0,2
allergen_milk,2013,10,2,0,-8.0,0
listeria,2013,10,9,9,-8.4,20
other,2013,10,1,0,-12.0,4
listeria,2013,11,4,4,-7.0,24
other,2013,11,2,0,-6.5,4
other,2013,12,1,0,-7.0,4
listeria,2014,3,4,4,-7.0,28
other,2014,3,2,0,-6.5,4
allergen_egg,2014,4,1,1,-9.0,3
foreign_metal,2014,4,1,0,-7.0,0
other,2014,4,3,0,-7.0,4
other,2014,5,4,0,-6.8,4
salmonella,2014,5,1,0,-7.0,10
allergen_other,2014,6,1,1,-6.0,4
other,2014,6,2,0,-7.5,4
listeria,2014,7,1,0,-9.0,28
other,2014,7,1,0,-6.0,4
salmonella,2014,7,3,3,-8.7,13
label,2014,8,1,0,-6.0,0
listeria,2014,8,1,1,-7.0,29
other,2014,8,2,1,-10.5,5
salmonella,2014,9,1,1,-12.0,14
listeria,2014,10,1,1,-8.0,30
other,2014,10,2,0,-12.0,5
salmonella,2014,10,1,1,-8.0,15
allergen_peanut,2014,12,1,1,-9.0,1
listeria,2014,12,8,8,-8.6,38
other,2014,12,1,0,-9.0,5
allergen_peanut,2015,1,2,1,-9.0,2
allergen_peanut,2015,2,1,0,-9.0,2
other,2015,2,5,0,-8.6,5
allergen_milk,2015,3,1,1,-6.0,1
listeria,2015,3,5,5,-12.0,43
listeria,2015,4,3,3,-8.3,46
other,2015,4,3,1,-8.7,6
other,2015,5,3,0,-7.7,6
foreign_plastic,2015,6,1,0,-7.0,0
mold,2015,8,1,0,-7.0,0
other,2015,8,1,0,-6.0,6
salmonella,2015,8,1,1,-8.0,16
allergen_other,2015,9,1,1,-7.0,5
other,2015,9,2,1,-7.5,7
botulinum,2015,10,1,0,-6.0,0
other,2015,10,1,0,-7.0,7
allergen_other,2015,12,1,1,-8.0,6
foreign_metal,2015,12,3,0,-9.0,0
other,2015,12,1,0,-8.0,7
foreign_plastic,2016,1,1,0,-12.0,0
other,2016,1,2,0,-9.5,7
salmonella,2016,1,1,1,-7.0,17
listeria,2016,2,2,2,-12.0,48
other,2016,2,2,0,-9.5,7
listeria,2016,3,1,1,-12.0,49
other,2016,3,3,0,-7.0,7
allergen_other,2016,4,2,0,-9.5,6
listeria,2016,4,3,3,-6.0,52
listeria,2016,5,13,13,-10.4,65
other,2016,5,1,0,-7.0,7
allergen_other,2016,6,1,0,-8.0,6
ecoli,2016,6,1,0,-9.0,0
listeria,2016,6,3,3,-10.7,68
other,2016,6,1,0,-9.0,7
allergen_other,2016,7,2,1,-10.0,7
ecoli,2016,7,1,0,-8.0,0
listeria,2016,7,1,1,-6.0,69
foreign_metal,2016,8,1,0,-9.0,0
listeria,2016,8,1,1,-6.0,70
other,2016,8,6,2,-8.7,9
allergen_milk,2016,9,1,0,-8.0,1
allergen_other,2016,9,1,1,-7.0,8
foreign_metal,2016,9,1,0,-12.0,0
listeria,2016,9,1,1,-8.0,71
other,2016,9,1,0,-8.0,9
allergen_other,2016,10,1,0,-12.0,8
listeria,2016,10,1,1,-9.0,72
other,2016,10,1,0,-9.0,9
label,2016,11,1,0,-8.0,0
other,2016,11,2,1,-8.0,10
allergen_peanut,2016,12,1,0,-8.0,2
listeria,2016,12,1,1,-12.0,73
salmonella,2016,12,3,2,-9.0,19
salmonella,2017,1,2,2,-12.0,21
allergen_milk,2017,2,1,1,-12.0,2
other,2017,2,2,0,-10.5,10
salmonella,2017,2,1,1,-8.0,22
allergen_other,2017,3,1,0,-12.0,8
allergen_peanut,2017,3,1,1,-8.0,3
foreign_metal,2017,3,1,0,-8.0,0
listeria,2017,3,1,1,-8.0,74
salmonella,2017,3,1,0,-12.0,22
allergen_milk,2017,4,1,0,-8.0,2
allergen_peanut,2017,4,1,1,-7.0,4
listeria,2017,4,1,1,-8.0,75
allergen_milk,2017,5,6,0,22.0,2
allergen_other,2017,5,2,0,-8.0,8
listeria,2017,5,1,0,-9.0,75
allergen_milk,2017,6,8,1,-7.5,3
other,2017,6,2,1,-6.0,11
listeria,2017,8,1,1,-8.0,76
other,2017,8,1,0,-12.0,11
listeria,2017,9,1,1,-6.0,77
other,2017,9,1,0,-12.0,11
allergen_milk,2017,10,2,0,-9.5,3
allergen_other,2017,10,1,0,-8.0,8
allergen_peanut,2017,10,1,0,1.0,4
listeria,2017,10,2,2,2.0,79
other,2017,10,1,0,-7.0,11
allergen_other,2017,11,2,1,-3.5,9
foreign_plastic,2017,12,1,0,-5.0,0
listeria,2017,12,1,1,7.0,80
allergen_milk,2018,1,1,1,-1.0,4
listeria,2018,1,2,1,-0.5,81
other,2018,1,2,0,-10.5,11
other,2018,2,2,0,-6.5,11
allergen_egg,2018,3,1,0,-5.0,3
other,2018,3,7,1,-5.7,12
salmonella,2018,3,1,0,-12.0,22
listeria,2018,4,1,1,-1.0,82
other,2018,4,1,0,-6.0,12
allergen_milk,2018,5,1,1,-12.0,5
foreign_metal,2018,5,1,0,-7.0,0
other,2018,5,1,0,-6.0,12
allergen_milk,2018,7,1,1,-8.0,6
other,2018,7,5,2,-4.0,14
listeria,2018,9,3,3,-8.0,85
listeria,2018,10,2,1,-7.0,86
other,2018,10,2,0,-6.0,14
label,2018,11,1,0,-6.0,0
listeria,2018,11,1,0,7.0,86
other,2018,11,1,0,-8.0,14
salmonella,2018,11,1,1,-7.0,23
other,2018,12,1,0,-12.0,14
other,2019,1,2,0,-7.0,14
allergen_other,2019,2,1,0,9.0,9
label,2019,2,1,1,-12.0,1
foreign_plastic,2019,3,2,0,-7.5,0
listeria,2019,3,1,1,-12.0,87
other,2019,3,1,0,-7.0,14
other,2019,5,4,0,-8.8,14
ecoli,2019,6,1,1,-9.0,1
other,2019,6,6,1,-7.2,15
listeria,2019,7,2,2,-9.0,89
other,2019,7,1,0,-8.0,15
salmonella,2019,7,1,0,9.0,23
allergen_other,2019,8,1,1,14.0,10
allergen_other,2019,9,1,0,-9.0,10
other,2019,9,2,1,-9.5,16
listeria,2019,10,1,1,0.0,90
other,2019,10,1,0,-6.0,16
listeria,2019,11,1,1,14.0,91
allergen_other,2019,12,1,0,9.0,10
listeria,2019,12,3,3,-3.7,94
allergen_other,2020,1,1,0,16.0,10
listeria,2020,1,1,1,-6.0,95
allergen_other,2020,2,1,0,-12.0,10
other,2020,2,1,0,12.0,16
other,2020,3,1,0,-7.0,16
other,2020,4,1,0,-12.0,16
other,2020,6,3,0,3.7,16
other,2020,7,2,0,7.0,16
allergen_other,2020,8,1,0,-6.0,10
salmonella,2020,8,1,1,-7.0,24
listeria,2020,10,1,1,15.0,96
allergen_other,2020,12,1,0,-8.0,10
other,2021,2,1,0,-7.0,16
salmonella,2021,2,1,1,-8.0,25
foreign_plastic,2021,3,1,0,-1.0,0
salmonella,2021,3,1,1,-8.0,26
listeria,2021,4,1,1,10.0,97
other,2021,4,2,0,-8.0,16
allergen_milk,2021,5,1,0,-9.0,6
foreign_metal,2021,5,1,0,-12.0,0
other,2021,5,1,0,-8.0,16
listeria,2021,6,1,1,-6.0,98
listeria,2021,7,1,0,-8.0,98
other,2021,8,1,1,7.0,17
allergen_other,2021,9,1,0,-6.0,10
allergen_other,2021,10,2,0,-7.0,10
other,2021,10,1,0,-9.0,17
salmonella,2021,10,1,1,-6.0,27
allergen_milk,2021,11,2,2,-8.5,8
foreign_metal,2021,11,1,0,-5.0,0
salmonella,2021,11,1,1,-8.0,28
allergen_milk,2021,12,1,1,-7.0,9
listeria,2021,12,1,1,-11.0,99
other,2021,12,2,0,2.5,17
listeria,2022,1,1,1,-8.0,100
other,2022,2,1,1,-9.0,18
listeria,2022,3,1,1,-6.0,101
other,2022,3,1,0,-12.0,18
allergen_other,2022,4,2,1,-7.5,11
salmonella,2022,4,3,3,-11.0,31
allergen_milk,2022,5,2,0,-12.0,9
other,2022,5,1,1,-12.0,19
salmonella,2022,5,2,2,-7.0,33
botulinum,2022,7,3,3,-8.0,3
other,2022,7,3,1,-6.7,20
allergen_other,2022,8,1,0,-12.0,11
botulinum,2022,8,1,0,-6.0,3
other,2022,9,1,1,-6.0,21
other,2022,11,1,0,-6.0,21
mold,2022,12,1,0,-12.0,0
other,2023,1,1,0,-9.0,21
listeria,2023,2,6,6,209.0,107
other,2023,2,3,0,-7.3,21
other,2023,3,2,0,-9.0,21
listeria,2023,4,2,2,-9.5,109
other,2023,4,1,0,-6.0,21
allergen_other,2023,5,1,1,-8.0,12
salmonella,2023,5,5,5,-7.0,38
allergen_other,2023,7,1,0,-7.0,12
foreign_metal,2023,7,1,0,-6.0,0
allergen_other,2023,8,1,0,-12.0,12
listeria,2023,8,1,1,-6.0,110
other,2023,8,2,0,-12.0,21
allergen_other,2023,9,1,0,-7.0,12
salmonella,2023,10,1,1,-7.0,39
allergen_milk,2023,11,1,0,-7.0,9
listeria,2023,11,1,1,-12.0,111
salmonella,2023,11,2,2,-1.0,41
salmonella,2023,12,1,0,-8.0,41
other,2024,1,1,0,-9.0,21
other,2024,2,2,1,-7.0,22
allergen_other,2024,3,1,1,-6.0,13
other,2024,3,1,0,-9.0,22
allergen_other,2024,4,1,0,-9.0,13
listeria,2024,4,1,0,-7.0,111
other,2024,4,2,0,-7.0,22
other,2024,5,1,0,-12.0,22
salmonella,2024,5,3,3,-6.7,44
listeria,2024,6,2,0,-6.0,111
other,2024,6,2,1,-7.5,23
listeria,2024,7,1,1,-8.0,112
other,2024,8,1,0,-9.0,23
other,2024,9,1,0,-7.0,23
listeria,2024,10,1,0,-7.0,112
foreign_metal,2024,11,1,0,-6.0,0
listeria,2024,11,1,1,-7.0,113
salmonella,2024,11,1,1,-8.0,45
foreign_metal,2024,12,1,0,-8.0,0
salmonella,2024,12,2,2,-10.0,47
allergen_peanut,2025,1,1,1,-6.0,5
allergen_other,2025,4,1,1,-8.0,14
other,2025,4,1,0,-7.0,23
listeria,2025,5,1,1,-12.0,114
other,2025,5,1,0,-7.0,23
salmonella,2025,5,1,1,-8.0,48
allergen_other,2025,6,2,0,-6.0,14
other,2025,6,2,0,-6.5,23
listeria,2025,9,3,3,-8.7,117
salmonella,2025,9,3,3,-6.0,51
ecoli,2025,10,1,1,-7.0,2
other,2025,11,1,0,-12.0,23
salmonella,2025,11,1,0,-5.0,51
allergen_other,2025,12,1,0,-12.0,14
other,2025,12,1,0,-8.0,23
other,2026,2,1,0,-8.0,23
other,2026,4,1,0,-8.0,23
salmonella,2026,4,1,1,-6.0,52
other,2026,5,2,0,3.5,23
salmonella,2026,5,1,1,-6.0,53
salmonella,2026,7,1,1,-8.0,54
