state,pop_k,initiated_year,recall_exposures,class_i_exposures,listed_exposures,exposures_per_million,class_i_per_million
WY,580,2009,1,1,0,1.724,1.724
VT,650,2009,1,1,0,1.538,1.538
DC,680,2009,1,1,0,1.471,1.471
AK,730,2009,1,1,0,1.37,1.37
ND,780,2009,1,1,0,1.282,1.282
SD,900,2009,1,1,0,1.111,1.111
DE,1000,2009,1,1,0,1.0,1.0
MT,1100,2009,1,1,0,0.909,0.909
RI,1100,2009,1,1,0,0.909,0.909
HI,1400,2009,1,1,0,0.714,0.714
ME,1400,2009,1,1,0,0.714,0.714
NH,1400,2009,1,1,0,0.714,0.714
WV,1800,2009,1,1,0,0.556,0.556
ID,1900,2009,1,1,0,0.526,0.526
NE,2000,2009,1,1,0,0.5,0.5
NM,2100,2009,1,1,0,0.476,0.476
KS,2900,2009,1,1,0,0.345,0.345
MS,2900,2009,1,1,0,0.345,0.345
AR,3000,2009,1,1,0,0.333,0.333
IA,3200,2009,1,1,0,0.313,0.313
NV,3200,2009,1,1,0,0.313,0.313
PR,3200,2009,1,1,0,0.313,0.313
UT,3400,2009,1,1,0,0.294,0.294
CT,3600,2009,1,1,0,0.278,0.278
OK,4000,2009,1,1,0,0.25,0.25
OR,4200,2009,1,1,0,0.238,0.238
KY,4500,2009,1,1,0,0.222,0.222
LA,4600,2009,1,1,0,0.217,0.217
AL,5100,2009,1,1,0,0.196,0.196
SC,5300,2009,1,1,0,0.189,0.189
MN,5700,2009,1,1,0,0.175,0.175
CO,5900,2009,1,1,0,0.169,0.169
WI,5900,2009,1,1,0,0.169,0.169
MD,6200,2009,1,1,0,0.161,0.161
MO,6200,2009,1,1,0,0.161,0.161
IN,6800,2009,1,1,0,0.147,0.147
MA,7000,2009,1,1,0,0.143,0.143
TN,7100,2009,1,1,0,0.141,0.141
AZ,7400,2009,1,1,0,0.135,0.135
WA,7800,2009,1,1,0,0.128,0.128
VA,8700,2009,1,1,0,0.115,0.115
NJ,9300,2009,1,1,0,0.108,0.108
MI,10000,2009,1,1,0,0.1,0.1
NC,10800,2009,1,1,0,0.093,0.093
GA,11000,2009,1,1,0,0.091,0.091
OH,11700,2009,1,1,0,0.085,0.085
IL,12500,2009,1,1,0,0.08,0.08
PA,12900,2009,1,1,0,0.078,0.078
NY,19500,2009,1,1,0,0.051,0.051
FL,22600,2009,1,1,0,0.044,0.044
TX,30500,2009,1,1,0,0.033,0.033
CA,38900,2009,1,1,0,0.026,0.026
WY,580,2012,4,3,0,6.897,5.172
VT,650,2012,6,3,2,9.231,4.615
DC,680,2012,4,3,0,5.882,4.412
AK,730,2012,4,3,0,5.479,4.11
ND,780,2012,5,3,1,6.41,3.846
RI,1100,2012,5,4,1,4.545,3.636
SD,900,2012,5,3,1,5.556,3.333
DE,1000,2012,4,3,0,4.0,3.0
ME,1400,2012,5,4,1,3.571,2.857
NH,1400,2012,5,4,1,3.571,2.857
MT,1100,2012,4,3,0,3.636,2.727
HI,1400,2012,4,3,0,2.857,2.143
NM,2100,2012,6,4,2,2.857,1.905
WV,1800,2012,4,3,0,2.222,1.667
ID,1900,2012,4,3,0,2.105,1.579
IA,3200,2012,7,5,3,2.188,1.563
NE,2000,2012,6,3,2,3.0,1.5
IN,6800,2012,13,10,9,1.912,1.471
CT,3600,2012,5,4,1,1.389,1.111
KS,2900,2012,5,3,1,1.724,1.034
MS,2900,2012,4,3,0,1.379,1.034
AR,3000,2012,4,3,0,1.333,1.0
OR,4200,2012,8,4,4,1.905,0.952
NV,3200,2012,6,3,2,1.875,0.938
PR,3200,2012,5,3,1,1.563,0.938
UT,3400,2012,5,3,1,1.471,0.882
MN,5700,2012,9,5,5,1.579,0.877
MA,7000,2012,7,6,3,1.0,0.857
WI,5900,2012,11,5,7,1.864,0.847
MO,6200,2012,9,5,5,1.452,0.806
SC,5300,2012,5,4,1,0.943,0.755
OK,4000,2012,4,3,0,1.0,0.75
AZ,7400,2012,10,5,6,1.351,0.676
KY,4500,2012,4,3,0,0.889,0.667
LA,4600,2012,5,3,1,1.087,0.652
AL,5100,2012,4,3,0,0.784,0.588
WA,7800,2012,6,4,2,0.769,0.513
CO,5900,2012,5,3,1,0.847,0.508
MI,10000,2012,9,5,5,0.9,0.5
MD,6200,2012,4,3,0,0.645,0.484
NJ,9300,2012,6,4,2,0.645,0.43
OH,11700,2012,11,5,7,0.94,0.427
TN,7100,2012,6,3,2,0.845,0.423
IL,12500,2012,9,5,5,0.72,0.4
PA,12900,2012,8,5,4,0.62,0.388
NC,10800,2012,8,4,4,0.741,0.37
VA,8700,2012,5,3,1,0.575,0.345
GA,11000,2012,5,3,1,0.455,0.273
FL,22600,2012,8,5,4,0.354,0.221
NY,19500,2012,5,4,1,0.256,0.205
TX,30500,2012,9,5,5,0.295,0.164
CA,38900,2012,10,5,6,0.257,0.129
WY,580,2013,9,6,5,15.517,10.345
SD,900,2013,10,6,6,11.111,6.667
DE,1000,2013,9,6,5,9.0,6.0
HI,1400,2013,10,6,6,7.143,4.286
ME,1400,2013,9,6,5,6.429,4.286
NH,1400,2013,12,6,8,8.571,4.286
WV,1800,2013,10,7,6,5.556,3.889
NE,2000,2013,10,6,6,5.0,3.0
NM,2100,2013,9,6,5,4.286,2.857
IN,6800,2013,27,17,23,3.971,2.5
WI,5900,2013,21,14,17,3.559,2.373
MO,6200,2013,20,14,16,3.226,2.258
KS,2900,2013,10,6,6,3.448,2.069
MS,2900,2013,9,6,5,3.103,2.069
AR,3000,2013,10,6,6,3.333,2.0
IA,3200,2013,10,6,6,3.125,1.875
NV,3200,2013,9,6,5,2.813,1.875
MN,5700,2013,15,10,11,2.632,1.754
CT,3600,2013,10,6,6,2.778,1.667
KY,4500,2013,10,7,6,2.222,1.556
VT,650,2013,5,1,1,7.692,1.538
OK,4000,2013,9,6,5,2.25,1.5
DC,680,2013,4,1,0,5.882,1.471
MA,7000,2013,15,10,11,2.143,1.429
OR,4200,2013,9,6,5,2.143,1.429
MI,10000,2013,19,14,15,1.9,1.4
AK,730,2013,4,1,0,5.479,1.37
SC,5300,2013,10,7,6,1.887,1.321
LA,4600,2013,9,6,5,1.957,1.304
ND,780,2013,6,1,2,7.692,1.282
OH,11700,2013,21,15,17,1.795,1.282
AL,5100,2013,9,6,5,1.765,1.176
PA,12900,2013,21,15,17,1.628,1.163
IL,12500,2013,23,14,19,1.84,1.12
CO,5900,2013,9,6,5,1.525,1.017
TN,7100,2013,13,7,9,1.831,0.986
MD,6200,2013,11,6,7,1.774,0.968
MT,1100,2013,5,1,1,4.545,0.909
RI,1100,2013,4,1,0,3.636,0.909
AZ,7400,2013,10,6,6,1.351,0.811
NJ,9300,2013,10,7,6,1.075,0.753
VA,8700,2013,10,6,6,1.149,0.69
NC,10800,2013,10,7,6,0.926,0.648
GA,11000,2013,12,7,8,1.091,0.636
ID,1900,2013,4,1,0,2.105,0.526
NY,19500,2013,14,7,10,0.718,0.359
FL,22600,2013,13,8,9,0.575,0.354
PR,3200,2013,4,1,0,1.25,0.313
UT,3400,2013,4,1,0,1.176,0.294
CA,38900,2013,17,11,13,0.437,0.283
TX,30500,2013,10,6,6,0.328,0.197
WA,7800,2013,6,1,2,0.769,0.128
WY,580,2014,15,8,4,25.862,13.793
VT,650,2014,12,8,1,18.462,12.308
DC,680,2014,11,8,0,16.176,11.765
AK,730,2014,11,8,0,15.068,10.959
ND,780,2014,11,8,0,14.103,10.256
SD,900,2014,12,8,1,13.333,8.889
RI,1100,2014,17,9,6,15.455,8.182
DE,1000,2014,11,8,0,11.0,8.0
MT,1100,2014,11,8,0,10.0,7.273
HI,1400,2014,12,9,1,8.571,6.429
ME,1400,2014,16,8,5,11.429,5.714
NH,1400,2014,16,8,5,11.429,5.714
NM,2100,2014,13,10,2,6.19,4.762
ID,1900,2014,12,9,1,6.316,4.737
NE,2000,2014,13,9,2,6.5,4.5
WV,1800,2014,11,8,0,6.111,4.444
NV,3200,2014,14,11,3,4.375,3.438
KS,2900,2014,14,9,3,4.828,3.103
MS,2900,2014,16,9,5,5.517,3.103
AR,3000,2014,13,9,2,4.333,3.0
UT,3400,2014,13,10,2,3.824,2.941
IA,3200,2014,12,8,1,3.75,2.5
PR,3200,2014,11,8,0,3.438,2.5
OK,4000,2014,13,9,2,3.25,2.25
CT,3600,2014,18,8,7,5.0,2.222
KY,4500,2014,14,9,3,3.111,2.0
AL,5100,2014,13,10,2,2.549,1.961
LA,4600,2014,12,9,1,2.609,1.957
IN,6800,2014,25,13,14,3.676,1.912
OR,4200,2014,16,8,5,3.81,1.905
CO,5900,2014,13,9,2,2.203,1.525
SC,5300,2014,11,8,0,2.075,1.509
MD,6200,2014,13,9,2,2.097,1.452
MO,6200,2014,17,9,6,2.742,1.452
MN,5700,2014,11,8,0,1.93,1.404
WI,5900,2014,13,8,2,2.203,1.356
AZ,7400,2014,17,10,6,2.297,1.351
MA,7000,2014,15,9,4,2.143,1.286
TN,7100,2014,12,9,1,1.69,1.268
NJ,9300,2014,16,11,5,1.72,1.183
WA,7800,2014,13,9,2,1.667,1.154
VA,8700,2014,17,10,6,1.954,1.149
MI,10000,2014,18,10,7,1.8,1.0
OH,11700,2014,19,11,8,1.624,0.94
NC,10800,2014,18,10,7,1.667,0.926
GA,11000,2014,14,10,3,1.273,0.909
IL,12500,2014,17,11,6,1.36,0.88
PA,12900,2014,18,10,7,1.395,0.775
NY,19500,2014,21,10,10,1.077,0.513
FL,22600,2014,21,11,10,0.929,0.487
TX,30500,2014,18,10,7,0.59,0.328
CA,38900,2014,19,10,8,0.488,0.257
WY,580,2015,19,6,6,32.759,10.345
MT,1100,2015,22,8,9,20.0,7.273
VT,650,2015,15,3,2,23.077,4.615
NM,2100,2015,21,7,8,10.0,3.333
MS,2900,2015,23,9,10,7.931,3.103
AR,3000,2015,23,9,10,7.667,3.0
KS,2900,2015,22,8,9,7.586,2.759
OK,4000,2015,24,9,11,6.0,2.25
WV,1800,2015,19,4,6,10.556,2.222
DE,1000,2015,15,2,2,15.0,2.0
KY,4500,2015,22,9,9,4.889,2.0
LA,4600,2015,24,9,11,5.217,1.957
NV,3200,2015,19,6,6,5.938,1.875
IN,6800,2015,27,11,14,3.971,1.618
AL,5100,2015,22,8,9,4.314,1.569
SC,5300,2015,23,8,10,4.34,1.509
NE,2000,2015,18,3,5,9.0,1.5
DC,680,2015,14,1,1,20.588,1.471
NH,1400,2015,14,2,1,10.0,1.429
AK,730,2015,14,1,1,19.178,1.37
AZ,7400,2015,27,10,14,3.649,1.351
ND,780,2015,13,1,0,16.667,1.282
CO,5900,2015,22,7,9,3.729,1.186
TN,7100,2015,22,8,9,3.099,1.127
SD,900,2015,13,1,0,14.444,1.111
VA,8700,2015,24,8,11,2.759,0.92
RI,1100,2015,13,1,0,11.818,0.909
OH,11700,2015,27,10,14,2.308,0.855
CT,3600,2015,17,3,4,4.722,0.833
GA,11000,2015,25,9,12,2.273,0.818
NC,10800,2015,23,8,10,2.13,0.741
HI,1400,2015,13,1,0,9.286,0.714
ME,1400,2015,14,1,1,10.0,0.714
WI,5900,2015,18,4,5,3.051,0.678
MD,6200,2015,19,4,6,3.065,0.645
MO,6200,2015,19,4,6,3.065,0.645
IL,12500,2015,25,8,12,2.0,0.64
IA,3200,2015,15,2,2,4.688,0.625
ID,1900,2015,14,1,1,7.368,0.526
MN,5700,2015,16,3,3,2.807,0.526
OR,4200,2015,18,2,5,4.286,0.476
PA,12900,2015,22,6,9,1.705,0.465
MA,7000,2015,17,3,4,2.429,0.429
FL,22600,2015,27,9,14,1.195,0.398
TX,30500,2015,26,11,13,0.852,0.361
NJ,9300,2015,18,3,5,1.935,0.323
PR,3200,2015,14,1,1,4.375,0.313
MI,10000,2015,19,3,6,1.9,0.3
UT,3400,2015,17,1,4,5.0,0.294
NY,19500,2015,22,5,9,1.128,0.256
WA,7800,2015,18,2,5,2.308,0.256
CA,38900,2015,21,5,8,0.54,0.129
WY,580,2016,21,16,3,36.207,27.586
ND,780,2016,22,16,4,28.205,20.513
VT,650,2016,18,13,0,27.692,20.0
DC,680,2016,18,13,0,26.471,19.118
AK,730,2016,19,13,1,26.027,17.808
SD,900,2016,20,14,2,22.222,15.556
DE,1000,2016,20,13,2,20.0,13.0
MT,1100,2016,20,13,2,18.182,11.818
RI,1100,2016,18,13,0,16.364,11.818
ME,1400,2016,22,16,4,15.714,11.429
HI,1400,2016,20,13,2,14.286,9.286
NH,1400,2016,19,13,1,13.571,9.286
NE,2000,2016,23,17,5,11.5,8.5
WV,1800,2016,21,15,3,11.667,8.333
NM,2100,2016,22,16,4,10.476,7.619
ID,1900,2016,20,13,2,10.526,6.842
KS,2900,2016,23,17,5,7.931,5.862
MS,2900,2016,24,17,6,8.276,5.862
AR,3000,2016,25,17,7,8.333,5.667
IA,3200,2016,25,18,7,7.813,5.625
NV,3200,2016,25,17,7,7.813,5.313
UT,3400,2016,22,16,4,6.471,4.706
CT,3600,2016,24,16,6,6.667,4.444
OK,4000,2016,24,17,6,6.0,4.25
PR,3200,2016,19,13,1,5.938,4.063
OR,4200,2016,28,17,10,6.667,4.048
KY,4500,2016,25,18,7,5.556,4.0
LA,4600,2016,26,18,8,5.652,3.913
AL,5100,2016,25,19,7,4.902,3.725
SC,5300,2016,26,19,8,4.906,3.585
WI,5900,2016,28,19,10,4.746,3.22
MD,6200,2016,30,19,12,4.839,3.065
MN,5700,2016,26,17,8,4.561,2.982
IN,6800,2016,33,20,15,4.853,2.941
MO,6200,2016,26,18,8,4.194,2.903
CO,5900,2016,26,17,8,4.407,2.881
MA,7000,2016,26,18,8,3.714,2.571
TN,7100,2016,27,18,9,3.803,2.535
AZ,7400,2016,24,17,6,3.243,2.297
MI,10000,2016,33,22,15,3.3,2.2
VA,8700,2016,27,19,9,3.103,2.184
WA,7800,2016,25,16,7,3.205,2.051
IL,12500,2016,31,21,13,2.48,1.68
NC,10800,2016,28,18,10,2.593,1.667
NJ,9300,2016,27,15,9,2.903,1.613
OH,11700,2016,27,18,9,2.308,1.538
GA,11000,2016,25,16,7,2.273,1.455
PA,12900,2016,29,18,11,2.248,1.395
NY,19500,2016,27,18,9,1.385,0.923
FL,22600,2016,30,19,12,1.327,0.841
TX,30500,2016,27,17,9,0.885,0.557
CA,38900,2016,33,20,15,0.848,0.514
WY,580,2017,19,4,2,32.759,6.897
SD,900,2017,19,4,2,21.111,4.444
VT,650,2017,18,2,1,27.692,3.077
DC,680,2017,17,2,0,25.0,2.941
ME,1400,2017,22,4,5,15.714,2.857
AK,730,2017,18,2,1,24.658,2.74
MT,1100,2017,19,3,2,17.273,2.727
ND,780,2017,17,2,0,21.795,2.564
DE,1000,2017,18,2,1,18.0,2.0
NE,2000,2017,19,4,2,9.5,2.0
NM,2100,2017,20,4,3,9.524,1.905
RI,1100,2017,20,2,3,18.182,1.818
HI,1400,2017,17,2,0,12.143,1.429
NH,1400,2017,20,2,3,14.286,1.429
KS,2900,2017,20,4,3,6.897,1.379
MS,2900,2017,20,4,3,6.897,1.379
AR,3000,2017,20,4,3,6.667,1.333
IA,3200,2017,21,4,4,6.563,1.25
NV,3200,2017,21,4,4,6.563,1.25
UT,3400,2017,20,4,3,5.882,1.176
WV,1800,2017,18,2,1,10.0,1.111
ID,1900,2017,17,2,0,8.947,1.053
MN,5700,2017,24,6,7,4.211,1.053
IN,6800,2017,32,7,15,4.706,1.029
OK,4000,2017,20,4,3,5.0,1.0
AL,5100,2017,20,5,3,3.922,0.98
KY,4500,2017,22,4,5,4.889,0.889
LA,4600,2017,21,4,4,4.565,0.87
WI,5900,2017,24,5,7,4.068,0.847
CT,3600,2017,21,3,4,5.833,0.833
SC,5300,2017,22,4,5,4.151,0.755
MO,6200,2017,21,4,4,3.387,0.645
PR,3200,2017,18,2,1,5.625,0.625
VA,8700,2017,25,5,8,2.874,0.575
TN,7100,2017,19,4,2,2.676,0.563
AZ,7400,2017,20,4,3,2.703,0.541
WA,7800,2017,23,4,6,2.949,0.513
OR,4200,2017,21,2,4,5.0,0.476
NC,10800,2017,23,5,6,2.13,0.463
OH,11700,2017,25,5,8,2.137,0.427
IL,12500,2017,26,5,9,2.08,0.4
MI,10000,2017,25,4,8,2.5,0.4
PA,12900,2017,24,5,7,1.86,0.388
GA,11000,2017,23,4,6,2.091,0.364
CO,5900,2017,21,2,4,3.559,0.339
MD,6200,2017,19,2,2,3.065,0.323
NJ,9300,2017,24,3,7,2.581,0.323
NY,19500,2017,27,6,10,1.385,0.308
MA,7000,2017,20,2,3,2.857,0.286
FL,22600,2017,25,4,8,1.106,0.177
TX,30500,2017,25,4,8,0.82,0.131
CA,38900,2017,28,5,11,0.72,0.129
WY,580,2018,1,1,0,1.724,1.724
VT,650,2018,2,1,1,3.077,1.538
DC,680,2018,2,1,1,2.941,1.471
AK,730,2018,3,1,2,4.11,1.37
ND,780,2018,2,1,1,2.564,1.282
SD,900,2018,2,1,1,2.222,1.111
WV,1800,2018,3,2,2,1.667,1.111
DE,1000,2018,2,1,1,2.0,1.0
NE,2000,2018,4,2,3,2.0,1.0
IA,3200,2018,6,3,5,1.875,0.938
MT,1100,2018,2,1,1,1.818,0.909
RI,1100,2018,2,1,1,1.818,0.909
IN,6800,2018,12,6,11,1.765,0.882
HI,1400,2018,5,1,4,3.571,0.714
ME,1400,2018,2,1,1,1.429,0.714
NH,1400,2018,2,1,1,1.429,0.714
KS,2900,2018,4,2,3,1.379,0.69
AR,3000,2018,3,2,2,1.0,0.667
KY,4500,2018,3,3,2,0.667,0.667
ID,1900,2018,3,1,2,1.579,0.526
WI,5900,2018,7,3,6,1.186,0.508
NM,2100,2018,1,1,0,0.476,0.476
OR,4200,2018,6,2,5,1.429,0.476
MN,5700,2018,6,2,5,1.053,0.351
MS,2900,2018,2,1,1,0.69,0.345
CO,5900,2018,4,2,3,0.678,0.339
MO,6200,2018,4,2,3,0.645,0.323
NV,3200,2018,2,1,1,0.625,0.313
PR,3200,2018,1,1,0,0.313,0.313
UT,3400,2018,5,1,4,1.471,0.294
TN,7100,2018,3,2,2,0.423,0.282
CT,3600,2018,3,1,2,0.833,0.278
OH,11700,2018,5,3,4,0.427,0.256
WA,7800,2018,8,2,7,1.026,0.256
OK,4000,2018,2,1,1,0.5,0.25
IL,12500,2018,9,3,8,0.72,0.24
VA,8700,2018,7,2,6,0.805,0.23
LA,4600,2018,2,1,1,0.435,0.217
MI,10000,2018,7,2,6,0.7,0.2
AL,5100,2018,3,1,2,0.588,0.196
SC,5300,2018,3,1,2,0.566,0.189
MD,6200,2018,3,1,2,0.484,0.161
MA,7000,2018,3,1,2,0.429,0.143
AZ,7400,2018,2,1,1,0.27,0.135
NJ,9300,2018,3,1,2,0.323,0.108
NC,10800,2018,3,1,2,0.278,0.093
GA,11000,2018,5,1,4,0.455,0.091
PA,12900,2018,5,1,4,0.388,0.078
NY,19500,2018,3,1,2,0.154,0.051
FL,22600,2018,2,1,1,0.088,0.044
TX,30500,2018,4,1,3,0.131,0.033
CA,38900,2018,5,1,4,0.129,0.026
WY,580,2019,6,4,3,10.345,6.897
ND,780,2019,5,4,2,6.41,5.128
SD,900,2019,5,4,2,5.556,4.444
VT,650,2019,3,2,0,4.615,3.077
DC,680,2019,4,2,1,5.882,2.941
AK,730,2019,3,2,0,4.11,2.74
MT,1100,2019,5,3,2,4.545,2.727
DE,1000,2019,5,2,2,5.0,2.0
RI,1100,2019,3,2,0,2.727,1.818
NE,2000,2019,4,3,1,2.0,1.5
HI,1400,2019,5,2,2,3.571,1.429
ME,1400,2019,3,2,0,2.143,1.429
NH,1400,2019,5,2,2,3.571,1.429
CT,3600,2019,7,4,4,1.944,1.111
WV,1800,2019,3,2,0,1.667,1.111
ID,1900,2019,5,2,2,2.632,1.053
NM,2100,2019,4,2,1,1.905,0.952
IA,3200,2019,6,3,3,1.875,0.938
NV,3200,2019,7,3,4,2.188,0.938
IN,6800,2019,20,6,17,2.941,0.882
MN,5700,2019,7,5,4,1.228,0.877
MA,7000,2019,7,5,4,1.0,0.714
KS,2900,2019,6,2,3,2.069,0.69
MS,2900,2019,4,2,1,1.379,0.69
WI,5900,2019,8,4,5,1.356,0.678
AR,3000,2019,6,2,3,2.0,0.667
PR,3200,2019,3,2,0,0.938,0.625
AL,5100,2019,7,3,4,1.373,0.588
UT,3400,2019,8,2,5,2.353,0.588
OK,4000,2019,5,2,2,1.25,0.5
OR,4200,2019,6,2,3,1.429,0.476
KY,4500,2019,5,2,2,1.111,0.444
LA,4600,2019,5,2,2,1.087,0.435
AZ,7400,2019,8,3,5,1.081,0.405
WA,7800,2019,7,3,4,0.897,0.385
SC,5300,2019,4,2,1,0.755,0.377
VA,8700,2019,6,3,3,0.69,0.345
CO,5900,2019,6,2,3,1.017,0.339
MD,6200,2019,5,2,2,0.806,0.323
MO,6200,2019,6,2,3,0.968,0.323
NJ,9300,2019,7,3,4,0.753,0.323
IL,12500,2019,8,4,5,0.64,0.32
PA,12900,2019,7,4,4,0.543,0.31
MI,10000,2019,6,3,3,0.6,0.3
TN,7100,2019,5,2,2,0.704,0.282
NC,10800,2019,6,3,3,0.556,0.278
GA,11000,2019,7,3,4,0.636,0.273
FL,22600,2019,8,4,5,0.354,0.177
OH,11700,2019,6,2,3,0.513,0.171
NY,19500,2019,8,3,5,0.41,0.154
CA,38900,2019,12,5,9,0.308,0.129
TX,30500,2019,8,2,5,0.262,0.066
WV,1800,2020,4,1,2,2.222,0.556
IN,6800,2020,11,3,9,1.618,0.441
KS,2900,2020,5,1,3,1.724,0.345
AR,3000,2020,5,1,3,1.667,0.333
OK,4000,2020,6,1,4,1.5,0.25
KY,4500,2020,4,1,2,0.889,0.222
LA,4600,2020,5,1,3,1.087,0.217
MD,6200,2020,4,1,2,0.645,0.161
MO,6200,2020,5,1,3,0.806,0.161
OH,11700,2020,4,1,2,0.342,0.085
IL,12500,2020,5,1,3,0.4,0.08
PA,12900,2020,4,1,2,0.31,0.078
TX,30500,2020,5,1,3,0.164,0.033
AK,730,2020,2,0,0,2.74,0.0
AL,5100,2020,3,0,1,0.588,0.0
AZ,7400,2020,2,0,0,0.27,0.0
CA,38900,2020,2,0,0,0.051,0.0
CO,5900,2020,3,0,1,0.508,0.0
CT,3600,2020,3,0,1,0.833,0.0
DC,680,2020,3,0,1,4.412,0.0
DE,1000,2020,3,0,1,3.0,0.0
FL,22600,2020,3,0,1,0.133,0.0
GA,11000,2020,3,0,1,0.273,0.0
HI,1400,2020,2,0,0,1.429,0.0
IA,3200,2020,3,0,1,0.938,0.0
ID,1900,2020,2,0,0,1.053,0.0
MA,7000,2020,3,0,1,0.429,0.0
ME,1400,2020,3,0,1,2.143,0.0
MI,10000,2020,3,0,1,0.3,0.0
MN,5700,2020,3,0,1,0.526,0.0
MS,2900,2020,4,0,2,1.379,0.0
MT,1100,2020,3,0,1,2.727,0.0
NC,10800,2020,5,0,3,0.463,0.0
ND,780,2020,3,0,1,3.846,0.0
NE,2000,2020,3,0,1,1.5,0.0
NH,1400,2020,4,0,2,2.857,0.0
NJ,9300,2020,3,0,1,0.323,0.0
NM,2100,2020,2,0,0,0.952,0.0
NV,3200,2020,2,0,0,0.625,0.0
NY,19500,2020,4,0,2,0.205,0.0
OR,4200,2020,2,0,0,0.476,0.0
PR,3200,2020,2,0,0,0.625,0.0
RI,1100,2020,3,0,1,2.727,0.0
SC,5300,2020,2,0,0,0.377,0.0
SD,900,2020,3,0,1,3.333,0.0
TN,7100,2020,3,0,1,0.423,0.0
UT,3400,2020,2,0,0,0.588,0.0
VA,8700,2020,3,0,1,0.345,0.0
VT,650,2020,3,0,1,4.615,0.0
WA,7800,2020,4,0,2,0.513,0.0
WI,5900,2020,4,0,2,0.678,0.0
WY,580,2020,2,0,0,3.448,0.0
WY,580,2021,7,2,1,12.069,3.448
ND,780,2021,7,2,1,8.974,2.564
RI,1100,2021,7,2,1,6.364,1.818
VT,650,2021,6,1,0,9.231,1.538
DC,680,2021,6,1,0,8.824,1.471
ME,1400,2021,7,2,1,5.0,1.429
NH,1400,2021,7,2,1,5.0,1.429
AK,730,2021,6,1,0,8.219,1.37
NV,3200,2021,9,4,3,2.813,1.25
SD,900,2021,6,1,0,6.667,1.111
ID,1900,2021,7,2,1,3.684,1.053
DE,1000,2021,6,1,0,6.0,1.0
NE,2000,2021,7,2,1,3.5,1.0
NM,2100,2021,7,2,1,3.333,0.952
IA,3200,2021,8,3,2,2.5,0.938
MT,1100,2021,6,1,0,5.455,0.909
IN,6800,2021,16,6,10,2.353,0.882
WI,5900,2021,12,5,6,2.034,0.847
CT,3600,2021,8,3,2,2.222,0.833
MD,6200,2021,10,5,4,1.613,0.806
SC,5300,2021,9,4,3,1.698,0.755
HI,1400,2021,6,1,0,4.286,0.714
OR,4200,2021,8,3,2,1.905,0.714
CO,5900,2021,9,4,3,1.525,0.678
AR,3000,2021,7,2,1,2.333,0.667
KY,4500,2021,8,3,2,1.778,0.667
WV,1800,2021,6,1,0,3.333,0.556
AZ,7400,2021,9,4,3,1.216,0.541
NJ,9300,2021,10,5,4,1.075,0.538
MN,5700,2021,9,3,3,1.579,0.526
VA,8700,2021,9,4,3,1.034,0.46
LA,4600,2021,7,2,1,1.522,0.435
MA,7000,2021,8,3,2,1.143,0.429
IL,12500,2021,10,5,4,0.8,0.4
AL,5100,2021,7,2,1,1.373,0.392
WA,7800,2021,8,3,2,1.026,0.385
GA,11000,2021,11,4,5,1.0,0.364
KS,2900,2021,6,1,0,2.069,0.345
MS,2900,2021,6,1,0,2.069,0.345
MO,6200,2021,7,2,1,1.129,0.323
PR,3200,2021,6,1,0,1.875,0.313
PA,12900,2021,10,4,4,0.775,0.31
MI,10000,2021,9,3,3,0.9,0.3
UT,3400,2021,6,1,0,1.765,0.294
TN,7100,2021,8,2,2,1.127,0.282
NC,10800,2021,9,3,3,0.833,0.278
OH,11700,2021,9,3,3,0.769,0.256
OK,4000,2021,6,1,0,1.5,0.25
NY,19500,2021,10,4,4,0.513,0.205
FL,22600,2021,11,4,5,0.487,0.177
CA,38900,2021,10,5,4,0.257,0.129
TX,30500,2021,8,3,2,0.262,0.098
WY,580,2022,12,8,1,20.69,13.793
ND,780,2022,15,10,4,19.231,12.821
VT,650,2022,13,8,2,20.0,12.308
AK,730,2022,12,8,1,16.438,10.959
DC,680,2022,11,7,0,16.176,10.294
DE,1000,2022,12,8,1,12.0,8.0
SD,900,2022,12,7,1,13.333,7.778
MT,1100,2022,12,8,1,10.909,7.273
RI,1100,2022,13,8,2,11.818,7.273
HI,1400,2022,13,9,2,9.286,6.429
NH,1400,2022,14,9,3,10.0,6.429
ME,1400,2022,13,8,2,9.286,5.714
ID,1900,2022,13,9,2,6.842,4.737
NE,2000,2022,13,9,2,6.5,4.5
WV,1800,2022,12,8,1,6.667,4.444
NM,2100,2022,12,8,1,5.714,3.81
KS,2900,2022,13,9,2,4.483,3.103
MS,2900,2022,14,9,3,4.828,3.103
IA,3200,2022,14,9,3,4.375,2.813
NV,3200,2022,13,9,2,4.063,2.813
AR,3000,2022,12,8,1,4.0,2.667
UT,3400,2022,13,9,2,3.824,2.647
CT,3600,2022,14,9,3,3.889,2.5
OR,4200,2022,14,10,3,3.333,2.381
OK,4000,2022,13,9,2,3.25,2.25
PR,3200,2022,11,7,0,3.438,2.188
LA,4600,2022,14,10,3,3.043,2.174
KY,4500,2022,13,9,2,2.889,2.0
AL,5100,2022,13,9,2,2.549,1.765
SC,5300,2022,14,9,3,2.642,1.698
IN,6800,2022,18,11,7,2.647,1.618
MD,6200,2022,14,10,3,2.258,1.613
MO,6200,2022,14,10,3,2.258,1.613
MN,5700,2022,14,9,3,2.456,1.579
CO,5900,2022,14,9,3,2.373,1.525
WI,5900,2022,14,9,3,2.373,1.525
MA,7000,2022,17,10,6,2.429,1.429
TN,7100,2022,13,9,2,1.831,1.268
AZ,7400,2022,13,9,2,1.757,1.216
WA,7800,2022,14,9,3,1.795,1.154
VA,8700,2022,15,10,4,1.724,1.149
MI,10000,2022,15,10,4,1.5,1.0
NJ,9300,2022,16,9,5,1.72,0.968
NC,10800,2022,15,10,4,1.389,0.926
GA,11000,2022,14,10,3,1.273,0.909
IL,12500,2022,16,11,5,1.28,0.88
OH,11700,2022,14,10,3,1.197,0.855
PA,12900,2022,17,11,6,1.318,0.853
NY,19500,2022,16,11,5,0.821,0.564
FL,22600,2022,14,9,3,0.619,0.398
TX,30500,2022,14,10,3,0.459,0.328
CA,38900,2022,15,11,4,0.386,0.283
DC,680,2023,10,6,6,14.706,8.824
DE,1000,2023,11,7,7,11.0,7.0
CT,3600,2023,11,7,7,3.056,1.944
SC,5300,2023,13,9,9,2.453,1.698
VT,650,2023,5,1,1,7.692,1.538
MD,6200,2023,12,8,8,1.935,1.29
ND,780,2023,5,1,1,6.41,1.282
MA,7000,2023,12,8,8,1.714,1.143
NJ,9300,2023,14,9,10,1.505,0.968
NC,10800,2023,14,10,10,1.296,0.926
VA,8700,2023,12,8,8,1.379,0.92
MT,1100,2023,5,1,1,4.545,0.909
ME,1400,2023,5,1,1,3.571,0.714
NH,1400,2023,5,1,1,3.571,0.714
NV,3200,2023,7,2,3,2.188,0.625
PA,12900,2023,13,8,9,1.008,0.62
WV,1800,2023,6,1,2,3.333,0.556
ID,1900,2023,5,1,1,2.632,0.526
NE,2000,2023,5,1,1,2.5,0.5
NM,2100,2023,5,1,1,2.381,0.476
NY,19500,2023,13,9,9,0.667,0.462
IN,6800,2023,12,3,8,1.765,0.441
MN,5700,2023,6,2,2,1.053,0.351
MS,2900,2023,5,1,1,1.724,0.345
CO,5900,2023,7,2,3,1.186,0.339
WI,5900,2023,6,2,2,1.017,0.339
IA,3200,2023,5,1,1,1.563,0.313
UT,3400,2023,6,1,2,1.765,0.294
GA,11000,2023,8,3,4,0.727,0.273
AZ,7400,2023,7,2,3,0.946,0.27
OH,11700,2023,9,3,5,0.769,0.256
WA,7800,2023,7,2,3,0.897,0.256
OK,4000,2023,5,1,1,1.25,0.25
OR,4200,2023,8,1,4,1.905,0.238
KY,4500,2023,6,1,2,1.333,0.222
LA,4600,2023,5,1,1,1.087,0.217
MI,10000,2023,7,2,3,0.7,0.2
AL,5100,2023,5,1,1,0.98,0.196
MO,6200,2023,5,1,1,0.806,0.161
IL,12500,2023,7,2,3,0.56,0.16
TN,7100,2023,6,1,2,0.845,0.141
FL,22600,2023,8,3,4,0.354,0.133
TX,30500,2023,7,2,3,0.23,0.066
CA,38900,2023,7,2,3,0.18,0.051
AK,730,2023,4,0,0,5.479,0.0
AR,3000,2023,4,0,0,1.333,0.0
HI,1400,2023,4,0,0,2.857,0.0
KS,2900,2023,4,0,0,1.379,0.0
PR,3200,2023,4,0,0,1.25,0.0
RI,1100,2023,4,0,0,3.636,0.0
SD,900,2023,4,0,0,4.444,0.0
WY,580,2023,4,0,0,6.897,0.0
WY,580,2024,9,3,2,15.517,5.172
SD,900,2024,9,3,2,10.0,3.333
VT,650,2024,8,2,1,12.308,3.077
DC,680,2024,8,2,1,11.765,2.941
AK,730,2024,9,2,2,12.329,2.74
ID,1900,2024,11,5,4,5.789,2.632
ND,780,2024,8,2,1,10.256,2.564
KS,2900,2024,12,6,5,4.138,2.069
DE,1000,2024,8,2,1,8.0,2.0
MT,1100,2024,8,2,1,7.273,1.818
RI,1100,2024,8,2,1,7.273,1.818
AR,3000,2024,11,5,4,3.667,1.667
NE,2000,2024,9,3,2,4.5,1.5
UT,3400,2024,11,5,4,3.235,1.471
HI,1400,2024,8,2,1,5.714,1.429
ME,1400,2024,8,2,1,5.714,1.429
NH,1400,2024,8,2,1,5.714,1.429
MS,2900,2024,10,4,3,3.448,1.379
KY,4500,2024,12,6,5,2.667,1.333
MN,5700,2024,13,7,6,2.281,1.228
IN,6800,2024,17,8,10,2.5,1.176
WV,1800,2024,8,2,1,4.444,1.111
LA,4600,2024,11,5,4,2.391,1.087
CO,5900,2024,12,6,5,2.034,1.017
OK,4000,2024,10,4,3,2.5,1.0
MO,6200,2024,12,6,5,1.935,0.968
NM,2100,2024,8,2,1,3.81,0.952
IA,3200,2024,10,3,3,3.125,0.938
NV,3200,2024,10,3,3,3.125,0.938
WI,5900,2024,12,5,5,2.034,0.847
TN,7100,2024,15,6,8,2.113,0.845
MD,6200,2024,11,4,4,1.774,0.645
PR,3200,2024,8,2,1,2.5,0.625
AL,5100,2024,10,3,3,1.961,0.588
SC,5300,2024,9,3,2,1.698,0.566
CT,3600,2024,9,2,2,2.5,0.556
GA,11000,2024,14,6,7,1.273,0.545
AZ,7400,2024,13,4,6,1.757,0.541
NJ,9300,2024,14,5,7,1.505,0.538
OH,11700,2024,13,6,6,1.111,0.513
MI,10000,2024,12,5,5,1.2,0.5
IL,12500,2024,14,6,7,1.12,0.48
OR,4200,2024,9,2,2,2.143,0.476
NC,10800,2024,13,5,6,1.204,0.463
VA,8700,2024,12,4,5,1.379,0.46
MA,7000,2024,9,3,2,1.286,0.429
PA,12900,2024,13,5,6,1.008,0.388
NY,19500,2024,17,6,10,0.872,0.308
FL,22600,2024,13,6,6,0.575,0.265
WA,7800,2024,10,2,3,1.282,0.256
TX,30500,2024,16,7,9,0.525,0.23
CA,38900,2024,15,6,8,0.386,0.154
WY,580,2025,2,2,1,3.448,3.448
VT,650,2025,2,2,1,3.077,3.077
AK,730,2025,2,2,1,2.74,2.74
ND,780,2025,2,2,1,2.564,2.564
SD,900,2025,2,2,1,2.222,2.222
NE,2000,2025,3,3,2,1.5,1.5
DC,680,2025,2,1,1,2.941,1.471
HI,1400,2025,2,2,1,1.429,1.429
DE,1000,2025,1,1,0,1.0,1.0
NM,2100,2025,2,2,1,0.952,0.952
OR,4200,2025,4,4,3,0.952,0.952
MT,1100,2025,1,1,0,0.909,0.909
RI,1100,2025,1,1,0,0.909,0.909
UT,3400,2025,3,3,2,0.882,0.882
IN,6800,2025,7,5,6,1.029,0.735
ME,1400,2025,1,1,0,0.714,0.714
NH,1400,2025,1,1,0,0.714,0.714
MS,2900,2025,3,2,2,1.034,0.69
AR,3000,2025,2,2,1,0.667,0.667
IA,3200,2025,4,2,3,1.25,0.625
NV,3200,2025,2,2,1,0.625,0.625
CT,3600,2025,2,2,1,0.556,0.556
WV,1800,2025,2,1,1,1.111,0.556
AZ,7400,2025,4,4,3,0.541,0.541
ID,1900,2025,1,1,0,0.526,0.526
WA,7800,2025,4,4,3,0.513,0.513
CO,5900,2025,3,3,2,0.508,0.508
WI,5900,2025,4,3,3,0.678,0.508
OK,4000,2025,2,2,1,0.5,0.5
MD,6200,2025,5,3,4,0.806,0.484
LA,4600,2025,3,2,2,0.652,0.435
MN,5700,2025,3,2,2,0.526,0.351
KS,2900,2025,1,1,0,0.345,0.345
MO,6200,2025,2,2,1,0.323,0.323
PR,3200,2025,2,1,1,0.625,0.313
MA,7000,2025,3,2,2,0.429,0.286
TN,7100,2025,2,2,1,0.282,0.282
IL,12500,2025,4,3,3,0.32,0.24
PA,12900,2025,5,3,4,0.388,0.233
VA,8700,2025,3,2,2,0.345,0.23
KY,4500,2025,1,1,0,0.222,0.222
NJ,9300,2025,5,2,4,0.538,0.215
AL,5100,2025,2,1,1,0.392,0.196
SC,5300,2025,2,1,1,0.377,0.189
NC,10800,2025,3,2,2,0.278,0.185
GA,11000,2025,4,2,3,0.364,0.182
FL,22600,2025,4,3,3,0.177,0.133
TX,30500,2025,5,4,4,0.164,0.131
CA,38900,2025,6,4,5,0.154,0.103
NY,19500,2025,7,2,6,0.359,0.103
MI,10000,2025,5,1,4,0.5,0.1
OH,11700,2025,1,1,0,0.085,0.085
WY,580,2026,3,2,0,5.172,3.448
VT,650,2026,3,2,0,4.615,3.077
DC,680,2026,3,2,0,4.412,2.941
AK,730,2026,3,2,0,4.11,2.74
ND,780,2026,3,2,0,3.846,2.564
SD,900,2026,3,2,0,3.333,2.222
DE,1000,2026,3,2,0,3.0,2.0
MT,1100,2026,3,2,0,2.727,1.818
RI,1100,2026,3,2,0,2.727,1.818
HI,1400,2026,3,2,0,2.143,1.429
ME,1400,2026,3,2,0,2.143,1.429
NH,1400,2026,3,2,0,2.143,1.429
WV,1800,2026,3,2,0,1.667,1.111
ID,1900,2026,3,2,0,1.579,1.053
NE,2000,2026,3,2,0,1.5,1.0
NM,2100,2026,3,2,0,1.429,0.952
KS,2900,2026,3,2,0,1.034,0.69
MS,2900,2026,3,2,0,1.034,0.69
AR,3000,2026,3,2,0,1.0,0.667
IA,3200,2026,3,2,0,0.938,0.625
NV,3200,2026,3,2,0,0.938,0.625
PR,3200,2026,3,2,0,0.938,0.625
UT,3400,2026,3,2,0,0.882,0.588
CT,3600,2026,3,2,0,0.833,0.556
OK,4000,2026,3,2,0,0.75,0.5
OR,4200,2026,3,2,0,0.714,0.476
KY,4500,2026,3,2,0,0.667,0.444
LA,4600,2026,3,2,0,0.652,0.435
AL,5100,2026,3,2,0,0.588,0.392
SC,5300,2026,3,2,0,0.566,0.377
MN,5700,2026,3,2,0,0.526,0.351
CO,5900,2026,3,2,0,0.508,0.339
WI,5900,2026,4,2,1,0.678,0.339
MD,6200,2026,3,2,0,0.484,0.323
MO,6200,2026,3,2,0,0.484,0.323
IN,6800,2026,3,2,0,0.441,0.294
MA,7000,2026,3,2,0,0.429,0.286
TN,7100,2026,3,2,0,0.423,0.282
AZ,7400,2026,3,2,0,0.405,0.27
WA,7800,2026,3,2,0,0.385,0.256
VA,8700,2026,3,2,0,0.345,0.23
NJ,9300,2026,3,2,0,0.323,0.215
MI,10000,2026,3,2,0,0.3,0.2
NC,10800,2026,4,2,1,0.37,0.185
GA,11000,2026,3,2,0,0.273,0.182
OH,11700,2026,3,2,0,0.256,0.171
IL,12500,2026,3,2,0,0.24,0.16
PA,12900,2026,3,2,0,0.233,0.155
NY,19500,2026,3,2,0,0.154,0.103
FL,22600,2026,4,2,1,0.177,0.088
TX,30500,2026,4,2,1,0.131,0.066
CA,38900,2026,3,2,0,0.077,0.051
